Artist,Popularity_Spotify,Followers_Spotify
Bad Bunny,94,83939149
Taylor Swift,100,116360914
Arijit Singh,90,116166828
Peso Pluma,91,15109305
Eminem,94,87299672
KAROL G,91,48699021
The Weeknd,93,86759591
Billie Eilish,94,96463697
Feid,91,12473265
Kendrick Lamar,92,31187222
Junior H,89,17502312
Ariana Grande,91,97830570
Anuel AA,88,36575365
Pritam,87,34646592
Sabrina Carpenter,90,10628784
Shakira,86,33636510
Lana Del Rey,91,37345713
Rihanna,90,61215530
Shreya Ghoshal,83,25067507
Dua Lipa,89,44088203
