Artist,YouTube_Channel_ID
Bad Bunny,UCmBA_wu8xGg1OfOkfW13Q0Q
Taylor Swift,UCqECaJ8Gagnn7YCbPEzWH6g
Arijit Singh,UCtFOW7jJXChfFNoucRFqRmw
Peso Pluma,UCzrM_068Odho89mTRrrxqbA
Eminem,UCfM3zsQsOnfWNUppiycmBuw
KAROL G,UCZuPJZ2kGFdlbQu1qotZaHw
The Weeknd,UC0WP5P-ufpRfjbNrmOWwLBQ
Billie Eilish,UCiGm_E4ZwYSHV3bcW1pnSeQ
Feid,UCoMlNw7o21I7LqL4OsjSYAg
Kendrick Lamar,UC3lBXcrKFnFAFkfVk5WuKcQ
Junior H,UCRRmSKkhOKEO6vIBaxG-ejA
Ariana Grande,UC9CoOnJkIBMdeijd9qYoT_g
Anuel AA,UCRI7hheejBbWS6etTNwMT0g
Pritam,UCFrjzbol2Zy-FaKaCIKIDVA
Sabrina Carpenter,UCPKWE1H6xhxwPlqUlKgHb_w
Shakira,UCYLNGLIzMhRTi6ZOLjAPSmw
Lana Del Rey,UCqk3CdGN_j8IR9z4uBbVPSg
Rihanna,UCcgqSM4YEo5vVQpqwN-MaNw
Shreya Ghoshal,UCcL78rRNuUQ8t7Dx4CLmRqA
Dua Lipa,UC-J-KZfRV8c13fOCkhXdLiQ
