Rank;Artist
1;Taylor Swift
2;Billie Eilish
3;Bad Bunny
4;The Weeknd
5;Zach Bryan
6;Drake
7;Kendrick Lamar
8;Peso Pluma
9;Travis Scott
10;Lana Del Rey
11;Sabrina Carpenter
12;Eminem
13;Feid
14;Arijit Singh
15;Morgan Wallen
16;KAROL G
17;Ariana Grande
18;Post Malone
19;Kanye West
20;Coldplay
21;Metro Boomin
22;Future
23;SZA
24;Rihanna
25;Junior H
26;Rauw Alejandro
27;David Guetta
28;Dua Lipa
29;Pritam
30;Natanael Cano
31;Chappell Roan
32;Justin Bieber
33;Imagine Dragons
34;21 Savage
35;Cris Mj
36;Bruno Mars
37;Olivia Rodrigo
38;Myke Towers
39;Anuel AA
40;Calvin Harris
41;XXXTENTACION
42;Ed Sheeran
43;Carin Leon
44;Luke Combs
45;Fuerza Regida
46;Shakira
47;J Balvin
48;BTS
49;Hozier
50;Doja Cat
51;Maroon 5
52;Playboi Carti
53;Beyonc�
54;Linkin Park
55;Daddy Yankee
56;Frank Ocean
57;Benson Boone
58;Arctic Monkeys
59;$uicideboy$
60;Chris Brown
61;Lady Gaga
62;Ozuna
63;Harry Styles
64;OneRepublic
65;Juice WRLD
66;Charli xcx
67;Gunna
68;Lil Baby
69;Noah Kahan
70;Queen
71;A.R. Rahman
72;Luis R Conriquez
73;The Beatles
74;Katy Perry
75;Maluma
76;Shreya Ghoshal
77;Trueno
78;Tyler, The Creator
79;Adele
80;One Direction
81;J. Cole
82;The Neighbourhood
83;Grupo Frontera
84;Jung Kook
85;Tommy Richman
86;Ti�sto
87;Oscar Maydon
88;Don Toliver
89;Red Hot Chili Peppers
90;Megan Thee Stallion
91;Karan Aujla
92;Gabito Ballesteros
93;Rels B
94;Miley Cyrus
95;FloyyMenor
96;Anirudh Ravichander
97;Henrique & Juliano
98;Marshmello
99;AC/DC
100;The Kid LAROI
