Rank;Artist
1;Taylor Swift
2;Bad Bunny
3;Billie Eilish
4;Eminem
5;The Weeknd
6;Drake
7;Travis Scott
8;Peso Pluma
9;KAROL G
10;Kendrick Lamar
11;Zach Bryan
12;Feid
13;Arijit Singh
14;Lana Del Rey
15;Ariana Grande
16;Sabrina Carpenter
17;Morgan Wallen
18;Coldplay
19;Jimin
20;Kanye West
21;Post Malone
22;Rauw Alejandro
23;Future
24;Metro Boomin
25;Junior H
26;David Guetta
27;Rihanna
28;SZA
29;Chappell Roan
30;Natanael Cano
31;Pritam
32;Dua Lipa
33;Justin Bieber
34;Cris Mj
35;Stray Kids
36;21 Savage
37;Imagine Dragons
38;Bruno Mars
39;Myke Towers
40;Calvin Harris
41;Anuel AA
42;Olivia Rodrigo
43;XXXTENTACION
44;Ed Sheeran
45;Luke Combs
46;Shakira
47;Carin Leon
48;Charli xcx
49;J Balvin
50;Fuerza Regida
51;Daddy Yankee
52;Noah Kahan
53;Childish Gambino
54;Benson Boone
55;Playboi Carti
56;Doja Cat
57;Linkin Park
58;Frank Ocean
59;Arctic Monkeys
60;Maroon 5
61;BTS
62;Beyonc�
63;Harry Styles
64;Ozuna
65;Lady Gaga
66;Chris Brown
67;Hozier
68;Juice WRLD
69;Queen
70;A.R. Rahman
71;Luis R Conriquez
72;$uicideboy$
73;Katy Perry
74;Lil Baby
75;Gunna
76;Shreya Ghoshal
77;OneRepublic
78;The Beatles
79;One Direction
80;Maluma
81;Central Cee
82;Adele
83;Oscar Maydon
84;FloyyMenor
85;Tyler, The Creator
86;The Neighbourhood
87;Grupo Frontera
88;J. Cole
89;Jung Kook
90;Red Hot Chili Peppers
91;Trueno
92;Ti�sto
93;A$AP Rocky
94;Cigarettes After Sex
95;AC/DC
96;Rels B
97;Marshmello
98;Henrique & Juliano
99;Milo j
100;Teddy Swims
