Rank;Artist
1;Taylor Swift
2;Eminem
3;Bad Bunny
4;Billie Eilish
5;The Weeknd
6;Drake
7;Kendrick Lamar
8;Travis Scott
9;Peso Pluma
10;Zach Bryan
11;KAROL G
12;Lana Del Rey
13;Sabrina Carpenter
14;Feid
15;Arijit Singh
16;Morgan Wallen
17;Ariana Grande
18;Post Malone
19;Kanye West
20;Coldplay
21;Future
22;Metro Boomin
23;SZA
24;Junior H
25;David Guetta
26;Rihanna
27;Rauw Alejandro
28;Natanael Cano
29;Dua Lipa
30;Chappell Roan
31;Pritam
32;Justin Bieber
33;Cris Mj
34;Imagine Dragons
35;21 Savage
36;Bruno Mars
37;Myke Towers
38;Anuel AA
39;Calvin Harris
40;Olivia Rodrigo
41;XXXTENTACION
42;Ed Sheeran
43;Shakira
44;Carin Leon
45;J Balvin
46;Luke Combs
47;Fuerza Regida
48;Daddy Yankee
49;Doja Cat
50;BTS
51;Charli xcx
52;Linkin Park
53;Harry Styles
54;Frank Ocean
55;Playboi Carti
56;Hozier
57;Katy Perry
58;Benson Boone
59;Beyonc�
60;Maroon 5
61;OneRepublic
62;Chris Brown
63;Arctic Monkeys
64;Lady Gaga
65;$uicideboy$
66;Ozuna
67;Juice WRLD
68;Noah Kahan
69;Lil Baby
70;Gunna
71;Queen
72;Luis R Conriquez
73;A.R. Rahman
74;Shreya Ghoshal
75;Maluma
76;The Beatles
77;Central Cee
78;Oscar Maydon
79;One Direction
80;Cigarettes After Sex
81;Adele
82;Tyler, The Creator
83;The Neighbourhood
84;Grupo Frontera
85;Trueno
86;J. Cole
87;Teddy Swims
88;Red Hot Chili Peppers
89;Karan Aujla
90;FloyyMenor
91;Rels B
92;ENHYPEN
93;Ti�sto
94;AC/DC
95;Milo j
96;Jung Kook
97;A$AP Rocky
98;Anirudh Ravichander
99;Tommy Richman
100;Henrique & Juliano
