Rank;Artist
1;Taylor Swift
2;Billie Eilish
3;Bad Bunny
4;The Weeknd
5;Peso Pluma
6;Drake
7;Sabrina Carpenter
8;Travis Scott
9;Kendrick Lamar
10;Feid
11;Eminem
12;Arijit Singh
13;Ariana Grande
14;KAROL G
15;Zach Bryan
16;Post Malone
17;Morgan Wallen
18;Lana Del Rey
19;Coldplay
20;Kanye West
21;Metro Boomin
22;Future
23;SZA
24;Junior H
25;Rihanna
26;Rauw Alejandro
27;David Guetta
28;Imagine Dragons
29;Dua Lipa
30;Natanael Cano
31;Pritam
32;Chappell Roan
33;Bruno Mars
34;Justin Bieber
35;21 Savage
36;Cris Mj
37;Olivia Rodrigo
38;Anuel AA
39;Myke Towers
40;Calvin Harris
41;XXXTENTACION
42;Luke Combs
43;Fuerza Regida
44;Ed Sheeran
45;Carin Leon
46;Shakira
47;Linkin Park
48;J Balvin
49;BTS
50;$uicideboy$
51;Playboi Carti
52;Benson Boone
53;Chris Brown
54;Doja Cat
55;Beyonc�
56;Ozuna
57;Maroon 5
58;Arctic Monkeys
59;Hozier
60;Gunna
61;Daddy Yankee
62;Charli xcx
63;Lady Gaga
64;Harry Styles
65;Noah Kahan
66;OneRepublic
67;Jimin
68;Frank Ocean
69;Juice WRLD
70;Lil Baby
71;Queen
72;Don Toliver
73;Trueno
74;Megan Thee Stallion
75;Maluma
76;Luis R Conriquez
77;A.R. Rahman
78;Katy Perry
79;The Beatles
80;Jung Kook
81;The Neighbourhood
82;Shreya Ghoshal
83;Gabito Ballesteros
84;J. Cole
85;Tommy Richman
86;Camila Cabello
87;One Direction
88;Adele
89;Tyler, The Creator
90;Gracie Abrams
91;Oscar Maydon
92;Ti�sto
93;Grupo Frontera
94;Rels B
95;FloyyMenor
96;Marshmello
97;Miley Cyrus
98;Red Hot Chili Peppers
99;The Kid LAROI
100;NewJeans
