Rank_Spotify_04,Artist,Rank_Spotify_11,Rank_Spotify_18,Rank_Spotify_25,Rank_Youtube_04,Rank_Youtube_11,Rank_Youtube_18,Rank_Youtube_25
1,Taylor Swift,1,1,1,13,12,14,14
2,Billie Eilish,2,4,3,21,23,24,24
3,Bad Bunny,3,3,2,7,7,9,7
4,The Weeknd,4,5,5,16,17,16,15
5,Peso Pluma,8,9,8,9,10,11,10
7,Sabrina Carpenter,11,13,16,41,41,54,53
8,Travis Scott,9,8,7,70,68,68,64
9,Kendrick Lamar,7,7,10,37,16,27,31
10,Feid,13,14,12,20,19,19,18
11,Eminem,12,2,4,15,14,5,9
12,Arijit Singh,14,15,13,3,3,3,3
13,Ariana Grande,17,17,15,29,32,33,35
14,KAROL G,16,11,9,8,8,8,6
16,Post Malone,18,18,21,65,71,76,70
18,Lana Del Rey,10,12,14,60,48,57,63
22,Future,22,21,23,71,72,74,73
24,Junior H,25,24,25,22,24,23,23
25,Rihanna,24,26,27,51,51,50,49
26,Rauw Alejandro,26,27,22,28,29,29,27
27,David Guetta,27,25,26,83,75,72,68
29,Dua Lipa,28,29,32,82,78,79,82
30,Natanael Cano,30,28,30,30,31,31,34
31,Pritam,29,31,31,19,20,21,28
33,Bruno Mars,36,36,38,84,86,87,90
34,Justin Bieber,32,32,33,46,39,41,44
36,Cris Mj,35,33,34,23,22,22,22
38,Anuel AA,39,38,41,12,13,12,12
39,Myke Towers,38,37,39,38,34,34,36
44,Ed Sheeran,42,42,44,50,52,48,50
45,Carin Leon,43,44,47,26,27,25,25
46,Shakira,46,43,46,24,25,18,19
48,J Balvin,47,45,49,35,33,32,33
53,Chris Brown,60,62,66,45,49,46,45
54,Doja Cat,50,49,56,87,80,78,79
56,Ozuna,62,66,64,25,26,26,26
61,Daddy Yankee,55,48,51,40,42,42,41
63,Lady Gaga,61,64,65,63,65,59,57
75,Maluma,75,75,80,31,30,30,30
76,Luis R Conriquez,72,72,71,54,58,56,51
82,Shreya Ghoshal,76,74,76,5,5,6,5
