Rank_Spotify_04,Artist,Rank_Spotify_11,Rank_Spotify_18,Rank_Spotify_25,Rank_Youtube_04,Rank_Youtube_11,Rank_Youtube_18,Rank_Youtube_25,Gender
1,Taylor Swift,1,1,1,13,12,14,14,female
2,Billie Eilish,2,4,3,21,23,24,24,female
3,Bad Bunny,3,3,2,7,7,9,7,male
4,The Weeknd,4,5,5,16,17,16,15,male
5,Peso Pluma,8,9,8,9,10,11,10,male
7,Sabrina Carpenter,11,13,16,41,41,54,53,female
8,Travis Scott,9,8,7,70,68,68,64,male
9,Kendrick Lamar,7,7,10,37,16,27,31,male
10,Feid,13,14,12,20,19,19,18,male
11,Eminem,12,2,4,15,14,5,9,male
12,Arijit Singh,14,15,13,3,3,3,3,male
13,Ariana Grande,17,17,15,29,32,33,35,female
14,KAROL G,16,11,9,8,8,8,6,female
16,Post Malone,18,18,21,65,71,76,70,male
18,Lana Del Rey,10,12,14,60,48,57,63,female
22,Future,22,21,23,71,72,74,73,male
24,Junior H,25,24,25,22,24,23,23,male
25,Rihanna,24,26,27,51,51,50,49,female
26,Rauw Alejandro,26,27,22,28,29,29,27,male
27,David Guetta,27,25,26,83,75,72,68,male
29,Dua Lipa,28,29,32,82,78,79,82,female
30,Natanael Cano,30,28,30,30,31,31,34,male
31,Pritam,29,31,31,19,20,21,28,male
33,Bruno Mars,36,36,38,84,86,87,90,male
34,Justin Bieber,32,32,33,46,39,41,44,male
36,Cris Mj,35,33,34,23,22,22,22,male
38,Anuel AA,39,38,41,12,13,12,12,male
39,Myke Towers,38,37,39,38,34,34,36,male
44,Ed Sheeran,42,42,44,50,52,48,50,male
45,Carin Leon,43,44,47,26,27,25,25,male
46,Shakira,46,43,46,24,25,18,19,female
48,J Balvin,47,45,49,35,33,32,33,male
53,Chris Brown,60,62,66,45,49,46,45,male
54,Doja Cat,50,49,56,87,80,78,79,female
56,Ozuna,62,66,64,25,26,26,26,male
61,Daddy Yankee,55,48,51,40,42,42,41,male
63,Lady Gaga,61,64,65,63,65,59,57,female
75,Maluma,75,75,80,31,30,30,30,male
76,Luis R Conriquez,72,72,71,54,58,56,51,male
82,Shreya Ghoshal,76,74,76,5,5,6,5,female
