Rank_Spotify_04,Artist,Rank_Spotify_11,Rank_Spotify_18,Rank_Spotify_25
1,Taylor Swift,1,1,1
2,Billie Eilish,2,4,3
3,Bad Bunny,3,3,2
4,The Weeknd,4,5,5
5,Peso Pluma,8,9,8
6,Drake,6,6,6
7,Sabrina Carpenter,11,13,16
8,Travis Scott,9,8,7
9,Kendrick Lamar,7,7,10
10,Feid,13,14,12
11,Eminem,12,2,4
12,Arijit Singh,14,15,13
13,Ariana Grande,17,17,15
14,KAROL G,16,11,9
15,Zach Bryan,5,10,11
16,Post Malone,18,18,21
17,Morgan Wallen,15,16,17
18,Lana Del Rey,10,12,14
19,Coldplay,20,20,18
20,Kanye West,19,19,20
21,Metro Boomin,21,22,24
22,Future,22,21,23
23,SZA,23,23,28
24,Junior H,25,24,25
25,Rihanna,24,26,27
26,Rauw Alejandro,26,27,22
27,David Guetta,27,25,26
28,Imagine Dragons,33,34,37
29,Dua Lipa,28,29,32
30,Natanael Cano,30,28,30
31,Pritam,29,31,31
32,Chappell Roan,31,30,29
33,Bruno Mars,36,36,38
34,Justin Bieber,32,32,33
35,21 Savage,34,35,36
36,Cris Mj,35,33,34
37,Olivia Rodrigo,37,40,42
38,Anuel AA,39,38,41
39,Myke Towers,38,37,39
40,Calvin Harris,40,39,40
41,XXXTENTACION,41,41,43
42,Luke Combs,44,46,45
43,Fuerza Regida,45,47,50
44,Ed Sheeran,42,42,44
45,Carin Leon,43,44,47
46,Shakira,46,43,46
47,Linkin Park,54,52,57
48,J Balvin,47,45,49
49,BTS,48,50,61
50,$uicideboy$,59,65,72
51,Playboi Carti,52,55,55
52,Benson Boone,57,58,54
53,Chris Brown,60,62,66
54,Doja Cat,50,49,56
55,Beyoncé,53,59,62
56,Ozuna,62,66,64
57,Maroon 5,51,60,60
58,Arctic Monkeys,58,63,59
59,Hozier,49,56,67
60,Gunna,67,70,75
61,Daddy Yankee,55,48,51
62,Charli xcx,66,51,48
63,Lady Gaga,61,64,65
64,Harry Styles,63,53,63
65,Noah Kahan,69,68,52
66,OneRepublic,64,61,77
68,Frank Ocean,56,54,58
69,Juice WRLD,65,67,68
70,Lil Baby,68,69,74
71,Queen,70,71,69
73,Trueno,77,85,91
75,Maluma,75,75,80
76,Luis R Conriquez,72,72,71
77,A.R. Rahman,71,73,70
78,Katy Perry,74,57,73
79,The Beatles,73,76,78
80,Jung Kook,84,96,89
81,The Neighbourhood,82,83,86
82,Shreya Ghoshal,76,74,76
84,J. Cole,81,86,88
87,One Direction,80,79,79
88,Adele,79,81,82
89,"Tyler, The Creator",78,82,85
91,Oscar Maydon,87,78,83
92,Tiësto,86,93,92
93,Grupo Frontera,83,84,87
94,Rels B,93,91,96
95,FloyyMenor,95,90,84
98,Red Hot Chili Peppers,89,88,90
