Rank_Youtube_04,Artist,Rank_Youtube_11,Rank_Youtube_18,Rank_Youtube_25
1,Alka Yagnik,1,1,1
2,Udit Narayan,2,2,2
3,Arijit Singh,3,3,3
4,Kumar Sanu,4,4,4
5,Shreya Ghoshal,5,6,5
6,Shilpi Raj,6,7,8
7,Bad Bunny,7,9,7
8,KAROL G,8,8,6
9,Peso Pluma,10,11,10
10,Lata Mangeshkar,11,13,11
11,Khesari Lal Yadav,9,10,13
12,Anuel AA,13,12,12
13,Taylor Swift,12,14,14
14,Sonu Nigam,15,15,16
15,Eminem,14,5,9
16,The Weeknd,17,16,15
17,Pawan Singh,18,17,17
19,Pritam,20,21,28
20,Feid,19,19,18
21,Billie Eilish,23,24,24
22,Junior H,24,23,23
23,Cris Mj,22,22,22
24,Shakira,25,18,19
25,Ozuna,26,26,26
26,Carin Leon,27,25,25
27,Fuerza Regida,28,28,29
28,Rauw Alejandro,29,29,27
29,Ariana Grande,32,33,35
30,Natanael Cano,31,31,34
31,Maluma,30,30,30
32,Maria Becerra,38,40,39
33,Anuradha Paudwal,35,36,32
34,Ashish Yadav,40,35,47
35,J Balvin,33,32,33
36,Grupo Firme,37,38,38
37,Kendrick Lamar,16,27,31
38,Myke Towers,34,34,36
39,Jubin Nautiyal,46,39,43
40,Daddy Yankee,42,42,41
41,Sabrina Carpenter,41,54,53
42,BTS,43,43,42
43,Romeo Santos,36,37,37
44,Grupo Frontera,45,44,40
45,Chris Brown,49,46,45
46,Justin Bieber,39,41,44
47,S. P. Balasubrahmanyam,44,45,46
48,Neha Kakkar,47,53,61
49,Sameer Anjaan,50,51,62
50,Ed Sheeran,52,48,50
51,Rihanna,51,50,49
52,NewJeans,62,71,72
53,Himesh Reshammiya,53,55,58
54,Luis R Conriquez,58,56,51
55,Kavita Krishnamurthy,55,58,55
56,Karan Aujla,21,20,21
57,Anirudh Ravichander,56,49,54
58,Kishore Kumar,60,62,66
59,Farruko,54,52,48
60,Lana Del Rey,48,57,63
61,Sunidhi Chauhan,61,60,59
62,Shivani Singh,63,63,80
63,Lady Gaga,65,59,57
64,Diljit Dosanjh,64,70,69
65,Post Malone,71,76,70
66,Coldplay,67,66,65
67,BLACKPINK,59,61,60
70,Travis Scott,68,68,64
71,Future,72,74,73
72,Sidhu Moose Wala,81,92,78
73,Imagine Dragons,76,81,85
74,B Praak,77,73,74
75,MC Ryan SP,69,67,52
76,Atif Aslam,73,77,95
77,Christian Nodal,79,98,96
79,Los Temerarios,82,75,71
81,Blessd,66,65,56
82,Dua Lipa,78,79,82
83,David Guetta,75,72,68
84,Bruno Mars,86,87,90
85,Aventura,83,80,75
86,Sadhana Sargam,88,86,76
87,Doja Cat,80,78,79
88,Linkin Park,89,83,77
89,Maroon 5,91,84,88
90,Arcángel,92,88,86
91,Henrique & Juliano,84,69,67
93,Neelkamal Singh,95,96,98
94,Alan Walker,87,94,91
96,Vicente Fernández,93,90,83
97,Michael Jackson,94,97,92
98,Los Ángeles Azules,96,89,81
